{"cameraMode":{"drawMode":0,"name":"Shaded","section":"Shading Mode"},"sceneLighting":false,"audioPlay":false,"sceneViewState":{"showFog":true,"showMaterialUpdate":false,"showSkybox":false,"showFlares":true,"showImageEffects":true,"showParticleSystems":true},"in2DMode":false,"pivot":{"x":0.15000009536743165,"y":1.943750262260437,"z":0.22499990463256837},"rotation":{"x":0.055111486464738849,"y":-0.9021554589271545,"z":0.12115843594074249,"w":0.41036558151245119},"size":59.881309509277347,"orthographic":false}